platform,metric,median,cv_percent,n,unit
windows,H6.full_memory.ingest_ops_per_sec,154.78,37.70,10,ops/s
windows,H6.full_memory.query_ops_per_sec,1758.49,8.73,10,ops/s
windows,H6.full_memory.task_accuracy,1.0,0.0,10,ratio
windows,H8.1.ops_per_sec,264.00,,10,ops/s
windows,H8.32.ops_per_sec,749.48,1.45,10,ops/s
windows,H8.32.wal_records_per_ingest,4.0,0.0,10,ratio
windows,H8.32.wal_syncs_per_ingest,0.763,,10,ratio
windows,H8.32.avg_group_batch,5.251,,10,ratio
windows,external.sqlite.throughput_ops_s,1132.88,1.32,10,ops/s
windows,external.rocksdb.throughput_ops_s,1175.84,1.46,10,ops/s
windows,external.faiss.throughput_ops_s,245.61,6.36,10,ops/s
windows,external.faiss_single_thread_diagnostic.throughput_ops_s,298.576,3.84,10,ops/s
linux,H6.full_memory.ingest_ops_per_sec,137.71,4.67,10,ops/s
linux,H6.full_memory.query_ops_per_sec,551.55,15.91,10,ops/s
linux,H6.full_memory.task_accuracy,1.0,0.0,10,ratio
linux,H8.1.ops_per_sec,129.13,,10,ops/s
linux,H8.32.ops_per_sec,1143.26,15.77,10,ops/s
linux,H8.32.wal_records_per_ingest,4.0,0.0,10,ratio
linux,H8.32.wal_syncs_per_ingest,0.314,,10,ratio
linux,H8.32.avg_group_batch,12.772,,10,ratio
linux,external.sqlite.throughput_ops_s,1304.90,5.33,10,ops/s
linux,external.rocksdb.throughput_ops_s,866.83,10.80,10,ops/s
linux,external.faiss.throughput_ops_s,180.95,2.72,10,ops/s
